id_municipio;Urbano
1100015;1
1100023;1
1100031;0
1100049;1
1100056;1
1100064;1
1100072;0
1100080;1
1100098;1
1100106;1
1100114;1
1100122;1
1100130;1
1100148;0
1100155;1
1100189;1
1100205;1
1100254;1
1100262;0
1100288;1
1100296;1
1100304;1
1100320;0
1100338;1
1100346;1
1100379;0
1100403;0
1100452;1
1100502;0
1100601;0
1100700;0
1100809;1
1100908;0
1100924;0
1100940;1
1101005;0
1101104;1
1101203;0
1101302;1
1101401;1
1101435;0
1101450;0
1101468;1
1101476;0
1101484;0
1101492;1
1101500;0
1101559;0
1101609;0
1101708;0
1101757;0
1101807;0
1200013;0
1200054;1
1200104;1
1200138;0
1200179;0
1200203;1
1200252;1
1200302;1
1200328;0
1200336;1
1200344;1
1200351;0
1200385;1
1200393;0
1200401;1
1200427;0
1200435;1
1200450;1
1200500;1
1200609;1
1200708;1
1200807;0
1300029;1
1300060;1
1300086;0
1300102;1
1300144;1
1300201;0
1300300;0
1300409;1
1300508;0
1300607;1
1300631;1
1300680;1
1300706;1
1300805;0
1300839;0
1300904;1
1301001;1
1301100;0
1301159;0
1301209;1
1301308;1
1301407;1
1301506;1
1301605;1
1301654;1
1301704;1
1301803;0
1301852;1
1301902;1
1301951;1
1302009;1
1302108;0
1302207;1
1302306;1
1302405;1
1302504;1
1302553;0
1302603;1
1302702;0
1302801;0
1302900;1
1303007;0
1303106;0
1303205;1
1303304;1
1303403;1
1303502;1
1303536;0
1303569;0
1303601;0
1303700;1
1303809;0
1303908;0
1303957;1
1304005;0
1304062;1
1304104;1
1304203;1
1304237;1
1304260;1
1304302;1
1304401;1
1400027;0
1400050;0
1400100;1
1400159;0
1400175;0
1400209;1
1400233;0
1400282;0
1400308;1
1400407;0
1400456;0
1400472;0
1400506;1
1400605;1
1400704;0
1500107;1
1500131;1
1500206;0
1500305;0
1500347;0
1500404;1
1500503;1
1500602;1
1500701;0
1500800;1
1500859;1
1500909;0
1500958;0
1501006;0
1501105;0
1501204;1
1501253;0
1501303;0
1501402;1
1501451;0
1501501;1
1501576;1
1501600;0
1501709;1
1501725;0
1501758;1
1501782;1
1501808;1
1501907;0
1501956;0
1502004;0
1502103;0
1502152;1
1502202;1
1502301;0
1502400;1
1502509;0
1502608;0
1502707;1
1502756;1
1502764;0
1502772;1
1502806;0
1502855;0
1502905;0
1502939;1
1502954;1
1503002;1
1503044;0
1503077;0
1503093;1
1503101;0
1503200;1
1503309;0
1503408;0
1503457;0
1503507;0
1503606;1
1503705;0
1503754;0
1503804;1
1503903;0
1504000;0
1504059;1
1504109;0
1504208;1
1504307;0
1504406;0
1504422;1
1504455;0
1504505;0
1504604;1
1504703;0
1504802;0
1504901;0
1504950;0
1504976;1
1505007;0
1505031;1
1505064;0
1505106;1
1505205;0
1505304;1
1505403;0
1505437;1
1505486;0
1505494;1
1505502;1
1505536;1
1505551;1
1505601;1
1505635;0
1505650;0
1505700;0
1505809;0
1505908;0
1506005;0
1506104;1
1506112;0
1506138;1
1506161;1
1506187;1
1506195;0
1506203;1
1506302;1
1506351;0
1506401;0
1506500;1
1506559;0
1506583;0
1506609;1
1506708;1
1506807;1
1506906;0
1507003;1
1507102;0
1507151;1
1507201;0
1507300;0
1507409;0
1507458;1
1507466;0
1507474;1
1507508;0
1507607;1
1507706;0
1507755;1
1507805;0
1507904;1
1507953;1
1507961;0
1507979;1
1508001;1
1508035;0
1508050;0
1508084;1
1508100;1
1508126;1
1508159;1
1508209;1
1508308;0
1508357;0
1508407;1
1600055;1
1600105;1
1600154;1
1600204;1
1600212;1
1600238;1
1600253;0
1600279;1
1600303;1
1600402;0
1600501;1
1600535;1
1600550;1
1600600;1
1600709;1
1600808;1
1700251;1
1700301;1
1700350;1
1700400;1
1700707;1
1701002;1
1701051;1
1701101;1
1701309;0
1701903;0
1702000;1
1702109;1
1702158;1
1702208;1
1702307;1
1702406;1
1702554;1
1702703;1
1702901;1
1703008;0
1703057;1
1703073;1
1703107;1
1703206;0
1703305;1
1703602;1
1703701;1
1703800;1
1703826;1
1703842;1
1703867;1
1703883;1
1703891;1
1703909;1
1704105;1
1704600;1
1705102;0
1705508;1
1705557;1
1705607;1
1706001;0
1706100;1
1706258;1
1706506;1
1707009;1
1707108;1
1707207;0
1707306;1
1707405;1
1707553;1
1707652;1
1707702;1
1708205;1
1708254;1
1708304;1
1709005;0
1709302;1
1709500;1
1709807;1
1710508;1
1710706;1
1710904;1
1711100;1
1711506;0
1711803;0
1711902;1
1711951;1
1712009;1
1712157;1
1712405;1
1712454;1
1712504;1
1712702;1
1712801;1
1713205;1
1713304;1
1713601;0
1713700;0
1713809;1
1713957;1
1714203;1
1714302;0
1714880;1
1715002;1
1715101;1
1715150;1
1715259;1
1715507;1
1715705;0
1715754;1
1716109;1
1716208;0
1716307;1
1716505;1
1716604;0
1716653;1
1716703;1
1717008;1
1717206;0
1717503;1
1717800;1
1717909;1
1718006;1
1718204;1
1718303;1
1718402;1
1718451;1
1718501;1
1718550;0
1718659;1
1718709;0
1718758;0
1718808;1
1718840;1
1718865;1
1718881;1
1718899;0
1718907;1
1719004;1
1720002;1
1720101;1
1720150;1
1720200;0
1720259;1
1720309;1
1720499;1
1720655;1
1720804;1
1720853;1
1720903;1
1720937;1
1720978;1
1721000;1
1721109;0
1721208;1
1721257;1
1721307;0
1722081;1
1722107;1
2100055;1
2100105;1
2100154;0
2100204;0
2100303;1
2100402;0
2100436;1
2100477;0
2100501;1
2100550;1
2100600;0
2100709;0
2100808;1
2100832;1
2100873;0
2100907;0
2100956;0
2101004;1
2101103;0
2101202;1
2101251;0
2101301;1
2101350;0
2101400;1
2101509;1
2101608;1
2101707;0
2101731;1
2101772;0
2101806;0
2101905;0
2101939;0
2101970;1
2102002;0
2102036;0
2102077;0
2102101;0
2102150;1
2102200;0
2102309;1
2102325;1
2102358;0
2102374;0
2102408;0
2102507;0
2102556;1
2102606;1
2102705;1
2102754;1
2102804;1
2102903;1
2103000;1
2103109;0
2103125;1
2103158;1
2103174;0
2103208;1
2103257;0
2103307;1
2103406;1
2103505;1
2103554;0
2103604;1
2103703;1
2103752;1
2103802;1
2103901;0
2104008;1
2104057;1
2104073;0
2104081;0
2104099;0
2104107;1
2104206;1
2104305;1
2104404;0
2104503;1
2104552;0
2104602;0
2104628;1
2104651;0
2104677;1
2104701;0
2104800;1
2104909;1
2105005;0
2105104;0
2105153;0
2105203;1
2105302;1
2105351;0
2105401;1
2105427;1
2105450;0
2105476;0
2105500;1
2105609;0
2105658;1
2105708;1
2105807;0
2105906;0
2105922;0
2105948;1
2105963;1
2105989;0
2106003;1
2106102;1
2106201;1
2106300;1
2106326;1
2106359;0
2106375;1
2106409;0
2106508;0
2106607;0
2106631;0
2106672;0
2106706;0
2106755;1
2106805;1
2106904;0
2107001;1
2107100;0
2107209;0
2107258;0
2107308;1
2107357;1
2107407;1
2107456;0
2107506;1
2107605;0
2107704;1
2107803;0
2107902;1
2108009;1
2108058;0
2108108;1
2108207;1
2108256;0
2108306;1
2108405;0
2108454;0
2108504;1
2108603;1
2108702;1
2108801;1
2108900;0
2109007;1
2109056;0
2109106;1
2109205;0
2109239;1
2109270;0
2109304;0
2109403;0
2109452;1
2109502;1
2109551;1
2109601;1
2109700;1
2109759;0
2109809;0
2109908;1
2110005;0
2110039;1
2110104;0
2110203;0
2110237;0
2110278;0
2110302;0
2110401;1
2110500;1
2110609;0
2110658;1
2110708;1
2110807;0
2110856;0
2110906;0
2111003;0
2111029;1
2111052;0
2111078;0
2111102;1
2111201;0
2111250;0
2111300;1
2111409;0
2111508;1
2111532;1
2111573;1
2111607;1
2111631;0
2111672;0
2111706;0
2111722;0
2111748;1
2111763;0
2111789;0
2111805;0
2111904;0
2111953;1
2112001;1
2112100;1
2112209;1
2112233;1
2112274;0
2112308;0
2112407;0
2112456;0
2112506;0
2112605;1
2112704;1
2112803;1
2112852;1
2112902;0
2113009;1
2114007;1
2200053;0
2200103;1
2200202;1
2200251;0
2200277;1
2200301;0
2200400;1
2200459;0
2200509;1
2200608;1
2200707;1
2200806;1
2200905;1
2200954;0
2201002;1
2201051;0
2201101;1
2201150;1
2201176;1
2201200;0
2201309;1
2201408;1
2201507;0
2201556;0
2201572;0
2201606;1
2201705;1
2201739;0
2201770;0
2201804;0
2201903;1
2201919;0
2201929;0
2201945;0
2201960;0
2201988;0
2202000;1
2202026;0
2202059;0
2202075;0
2202083;0
2202091;0
2202109;0
2202117;0
2202133;0
2202174;0
2202208;1
2202251;0
2202307;1
2202406;1
2202455;0
2202505;0
2202539;0
2202554;0
2202604;1
2202653;0
2202703;0
2202711;1
2202729;0
2202737;0
2202752;1
2202778;0
2202802;1
2202851;0
2202901;1
2203008;0
2203107;1
2203206;1
2203230;0
2203255;0
2203271;0
2203305;1
2203354;0
2203404;1
2203420;0
2203453;0
2203503;1
2203602;1
2203701;1
2203750;0
2203800;0
2203859;0
2203909;1
2204006;1
2204105;0
2204154;0
2204204;0
2204303;1
2204352;0
2204402;1
2204501;1
2204550;0
2204600;1
2204659;1
2204709;0
2204808;1
2204907;0
2205003;0
2205102;1
2205151;0
2205201;0
2205250;0
2205276;0
2205300;1
2205359;0
2205409;0
2205458;0
2205508;1
2205516;0
2205524;0
2205532;0
2205540;1
2205557;0
2205565;0
2205573;0
2205581;0
2205599;0
2205607;1
2205706;0
2205805;1
2205854;0
2205904;1
2205953;1
2206001;1
2206050;0
2206100;0
2206209;0
2206308;1
2206357;0
2206407;0
2206506;0
2206605;0
2206654;0
2206670;0
2206696;0
2206704;0
2206720;0
2206753;0
2206803;0
2206902;1
2206951;0
2207009;1
2207108;0
2207207;0
2207306;1
2207355;0
2207405;0
2207504;0
2207553;0
2207603;1
2207702;1
2207751;1
2207777;0
2207793;0
2207801;1
2207850;0
2207900;1
2207934;0
2207959;0
2208007;1
2208106;0
2208205;0
2208304;1
2208403;1
2208502;1
2208551;1
2208601;1
2208650;0
2208700;1
2208809;1
2208858;1
2208874;0
2208908;1
2209005;1
2209104;1
2209153;1
2209203;1
2209302;1
2209351;0
2209377;1
2209401;1
2209450;0
2209500;1
2209559;0
2209609;1
2209658;0
2209708;0
2209757;0
2209807;1
2209856;0
2209872;0
2209906;1
2209955;0
2209971;1
2210003;1
2210052;1
2210102;0
2210201;0
2210300;0
2210359;0
2210375;0
2210383;1
2210391;0
2210409;0
2210508;1
2210607;1
2210623;0
2210631;0
2210656;0
2210706;0
2210805;1
2210904;0
2210938;0
2210953;1
2210979;0
2211001;1
2211100;0
2211209;1
2211308;1
2211357;0
2211407;1
2211506;0
2211605;0
2211704;0
2300101;0
2300150;1
2300200;0
2300309;1
2300408;0
2300507;0
2300606;1
2300705;1
2300754;0
2300804;1
2300903;0
2301000;1
2301109;1
2301208;1
2301257;0
2301307;1
2301406;0
2301505;0
2301604;1
2301703;0
2301802;1
2301851;1
2301901;1
2301950;0
2302008;1
2302057;1
2302107;1
2302206;0
2302305;0
2302404;1
2302503;1
2302602;1
2302701;1
2302800;1
2302909;0
2303006;1
2303105;0
2303204;1
2303303;0
2303402;0
2303501;1
2303600;0
2303659;1
2303709;1
2303808;1
2303907;1
2303931;0
2303956;1
2304004;1
2304103;1
2304202;1
2304236;1
2304251;0
2304269;0
2304277;1
2304285;1
2304301;0
2304350;1
2304400;1
2304459;1
2304509;1
2304608;1
2304657;0
2304707;0
2304806;0
2304905;1
2304954;1
2305001;0
2305100;1
2305209;1
2305233;1
2305266;0
2305308;0
2305332;1
2305357;0
2305407;0
2305506;1
2305605;0
2305654;0
2305704;1
2305803;1
2305902;1
2306009;1
2306108;1
2306207;1
2306256;1
2306306;1
2306405;1
2306504;0
2306553;0
2306603;0
2306702;0
2306801;1
2306900;1
2307007;1
2307106;0
2307205;1
2307254;0
2307304;1
2307403;1
2307502;1
2307601;1
2307635;1
2307650;1
2307700;1
2307809;1
2307908;1
2308005;1
2308104;1
2308203;1
2308302;0
2308351;0
2308377;1
2308401;0
2308500;0
2308609;1
2308708;1
2308807;0
2308906;0
2309003;1
2309102;0
2309201;1
2309300;1
2309409;1
2309458;0
2309508;1
2309607;1
2309706;1
2309805;0
2309904;1
2310001;0
2310100;0
2310209;1
2310258;0
2310308;0
2310407;0
2310506;1
2310605;1
2310704;1
2310803;0
2310852;1
2310902;0
2310951;0
2311009;1
2311108;0
2311207;1
2311231;0
2311264;0
2311306;1
2311355;0
2311405;1
2311504;1
2311603;1
2311702;1
2311801;1
2311900;1
2311959;0
2312007;1
2312106;1
2312205;1
2312304;1
2312403;1
2312502;0
2312601;1
2312700;1
2312809;1
2312908;1
2313005;1
2313104;1
2313203;1
2313252;0
2313302;1
2313351;0
2313401;1
2313500;0
2313559;0
2313609;0
2313708;1
2313757;1
2313807;1
2313906;1
2313955;1
2314003;1
2314102;0
2400109;1
2400208;1
2400307;1
2400406;1
2400505;1
2400604;1
2400703;1
2400802;1
2400901;1
2401008;1
2401107;1
2401206;1
2401305;1
2401404;1
2401453;1
2401503;0
2401602;0
2401651;1
2401701;1
2401800;1
2401859;1
2401909;1
2402006;1
2402105;0
2402204;1
2402303;1
2402402;1
2402501;0
2402600;1
2402709;0
2402808;0
2402907;0
2403004;1
2403103;1
2403202;0
2403251;1
2403301;0
2403400;1
2403509;0
2403608;1
2403707;1
2403756;1
2403806;1
2403905;1
2404002;1
2404101;1
2404200;1
2404309;1
2404408;1
2404507;0
2404606;0
2404705;0
2404804;1
2404853;1
2404903;1
2405009;1
2405108;1
2405207;1
2405306;0
2405405;1
2405504;0
2405603;1
2405702;1
2405801;1
2405900;0
2406007;1
2406106;1
2406155;0
2406205;1
2406304;0
2406403;1
2406502;0
2406601;1
2406700;1
2406809;1
2406908;1
2407005;1
2407104;1
2407203;1
2407252;1
2407302;1
2407401;1
2407500;0
2407609;1
2407708;1
2407807;0
2407906;1
2408003;1
2408102;1
2408201;0
2408300;1
2408409;1
2408508;1
2408607;0
2408706;1
2408805;1
2408904;1
2408953;0
2409100;1
2409209;0
2409308;1
2409332;1
2409407;1
2409506;0
2409605;0
2409704;1
2409803;1
2409902;1
2410009;1
2410108;1
2410207;1
2410256;1
2410306;1
2410405;0
2410504;1
2410603;1
2410702;1
2410801;0
2410900;1
2411007;1
2411056;1
2411106;0
2411205;1
2411403;0
2411429;1
2411502;1
2411601;0
2411700;0
2411809;1
2411908;1
2412005;1
2412104;1
2412203;0
2412302;1
2412401;1
2412500;1
2412559;0
2412609;1
2412708;1
2412807;1
2412906;1
2413003;1
2413102;0
2413201;1
2413300;1
2413359;0
2413409;1
2413508;0
2413557;1
2413607;0
2413706;0
2413805;1
2413904;0
2414001;1
2414100;1
2414159;0
2414209;1
2414308;1
2414407;0
2414456;1
2414506;1
2414605;0
2414704;1
2414753;0
2414803;0
2414902;1
2415008;1
2500106;0
2500205;0
2500304;1
2500403;0
2500502;1
2500536;0
2500577;1
2500601;1
2500700;0
2500734;1
2500775;0
2500809;0
2500908;1
2501005;0
2501104;1
2501153;1
2501203;1
2501302;1
2501351;1
2501401;0
2501500;0
2501534;1
2501575;0
2501609;1
2501708;0
2501807;1
2501906;1
2502003;1
2502052;0
2502102;1
2502151;1
2502201;0
2502300;0
2502409;1
2502508;1
2502607;1
2502706;1
2502805;1
2502904;1
2503001;1
2503100;0
2503209;1
2503308;0
2503407;0
2503506;1
2503555;0
2503605;1
2503704;1
2503753;0
2503803;1
2503902;1
2504009;1
2504033;1
2504074;0
2504108;1
2504157;0
2504207;1
2504306;1
2504355;0
2504405;1
2504504;1
2504603;1
2504702;1
2504801;1
2504850;0
2504900;0
2505006;1
2505105;1
2505204;1
2505238;0
2505279;0
2505303;1
2505352;0
2505402;1
2505501;0
2505600;1
2505709;0
2505808;1
2505907;1
2506004;1
2506103;0
2506202;1
2506251;0
2506301;1
2506400;0
2506509;1
2506608;1
2506707;0
2506806;1
2506905;1
2507002;1
2507101;1
2507200;1
2507309;1
2507408;1
2507507;1
2507606;1
2507705;1
2507804;1
2507903;1
2508000;0
2508109;1
2508208;1
2508307;0
2508406;0
2508505;1
2508554;0
2508604;1
2508703;0
2508802;1
2508901;1
2509008;1
2509057;0
2509107;1
2509156;1
2509206;0
2509305;1
2509339;0
2509370;0
2509396;1
2509404;0
2509503;1
2509602;1
2509701;1
2509800;0
2509909;0
2510006;0
2510105;1
2510204;1
2510303;1
2510402;1
2510501;1
2510600;1
2510659;1
2510709;0
2510808;1
2510907;0
2511004;1
2511103;0
2511202;1
2511301;1
2511400;1
2511509;1
2511608;0
2511707;1
2511806;1
2511905;1
2512002;1
2512036;0
2512077;0
2512101;1
2512200;1
2512309;1
2512408;0
2512507;1
2512606;0
2512705;1
2512721;0
2512747;1
2512754;1
2512762;0
2512788;1
2512804;0
2512903;1
2513000;0
2513109;0
2513158;0
2513208;0
2513307;1
2513356;0
2513406;1
2513505;0
2513604;1
2513653;0
2513703;1
2513802;0
2513851;0
2513901;1
2513927;1
2513943;0
2513968;0
2513984;0
2514008;1
2514107;0
2514206;0
2514305;0
2514404;0
2514453;0
2514503;1
2514552;0
2514602;0
2514651;1
2514701;1
2514800;0
2514909;1
2515005;0
2515104;0
2515203;1
2515302;1
2515401;0
2515500;1
2515609;1
2515708;1
2515807;1
2515906;1
2515930;1
2515971;0
2516003;1
2516102;1
2516151;0
2516201;1
2516300;1
2516409;0
2516508;1
2516607;0
2516706;1
2516755;1
2516805;0
2516904;1
2517001;0
2517100;1
2517209;0
2517407;1
2600054;1
2600104;1
2600203;0
2600302;1
2600401;1
2600500;1
2600609;1
2600708;1
2600807;1
2600906;1
2601003;1
2601052;1
2601102;1
2601201;1
2601300;1
2601409;1
2601508;1
2601607;1
2601706;1
2601805;0
2601904;1
2602001;0
2602100;1
2602209;0
2602308;1
2602407;0
2602506;0
2602605;1
2602704;1
2602803;0
2602902;1
2603009;1
2603108;1
2603207;0
2603306;0
2603405;0
2603454;1
2603504;1
2603603;1
2603702;1
2603801;0
2603900;0
2603926;0
2604007;1
2604106;1
2604155;0
2604205;1
2604304;1
2604403;1
2604502;1
2604601;1
2604700;1
2604809;1
2604908;0
2605004;1
2605103;1
2605152;0
2605202;1
2605301;0
2605400;1
2605459;1
2605509;1
2605608;0
2605707;1
2605806;0
2605905;1
2606002;1
2606101;1
2606200;1
2606309;0
2606408;1
2606507;0
2606606;1
2606705;0
2606804;1
2606903;1
2607000;0
2607109;1
2607208;1
2607307;1
2607406;1
2607505;0
2607604;1
2607653;1
2607703;1
2607752;1
2607802;1
2607901;1
2607950;1
2608008;1
2608057;0
2608107;0
2608206;1
2608255;0
2608305;1
2608404;1
2608453;1
2608503;1
2608602;0
2608701;1
2608750;0
2608800;1
2608909;1
2609006;1
2609105;1
2609154;0
2609204;1
2609303;0
2609402;1
2609501;1
2609600;1
2609709;0
2609808;0
2609907;1
2610004;1
2610103;1
2610202;1
2610301;0
2610400;0
2610509;0
2610608;1
2610707;1
2610806;1
2610905;1
2611002;1
2611101;1
2611200;1
2611309;1
2611408;1
2611507;0
2611533;0
2611606;1
2611705;0
2611804;1
2611903;1
2612000;1
2612109;0
2612208;1
2612307;1
2612406;1
2612455;0
2612471;0
2612505;1
2612554;0
2612604;0
2612703;0
2612802;1
2612901;0
2613008;1
2613107;1
2613206;0
2613305;1
2613404;1
2613503;0
2613602;1
2613701;1
2613800;1
2613909;1
2614006;0
2614105;1
2614204;1
2614303;1
2614402;0
2614501;1
2614600;1
2614709;1
2614808;0
2614857;1
2615003;1
2615102;0
2615201;1
2615300;1
2615409;1
2615508;1
2615607;1
2615706;1
2615805;0
2615904;1
2616001;1
2616100;0
2616183;0
2616209;1
2616308;0
2616407;1
2616506;1
2700102;0
2700201;0
2700300;1
2700409;1
2700508;1
2700607;1
2700706;1
2700805;0
2700904;0
2701001;1
2701100;1
2701209;1
2701308;1
2701357;1
2701407;0
2701506;0
2701605;0
2701704;1
2701803;1
2701902;1
2702009;0
2702108;1
2702207;1
2702306;1
2702355;0
2702405;1
2702504;0
2702553;0
2702603;0
2702702;1
2702801;1
2702900;0
2703007;1
2703106;0
2703205;0
2703304;0
2703403;1
2703502;1
2703601;0
2703700;1
2703759;0
2703809;1
2703908;1
2704005;0
2704104;1
2704203;0
2704302;1
2704401;0
2704500;1
2704609;0
2704708;1
2704807;1
2704906;0
2705002;0
2705101;1
2705200;1
2705309;0
2705408;0
2705507;1
2705606;1
2705705;1
2705804;0
2705903;0
2706000;0
2706109;1
2706208;1
2706307;1
2706406;0
2706422;0
2706448;1
2706505;0
2706604;1
2706703;1
2706802;1
2706901;1
2707008;1
2707107;1
2707206;0
2707305;1
2707404;1
2707503;0
2707602;1
2707701;1
2707800;1
2707909;1
2708006;1
2708105;1
2708204;0
2708303;1
2708402;0
2708501;1
2708600;1
2708709;0
2708808;0
2708907;1
2708956;0
2709004;0
2709103;0
2709152;1
2709202;0
2709301;1
2709400;1
2800100;1
2800209;1
2800308;1
2800407;0
2800506;0
2800605;1
2800670;1
2800704;1
2801009;0
2801108;0
2801207;1
2801306;1
2801405;1
2801504;1
2801603;1
2801702;0
2801900;1
2802007;0
2802106;1
2802205;1
2802304;1
2802403;0
2802502;1
2802601;0
2802700;1
2802809;0
2802908;1
2803005;1
2803104;1
2803203;0
2803302;0
2803401;0
2803500;1
2803609;1
2803708;0
2803807;0
2803906;0
2804003;1
2804102;0
2804201;1
2804300;0
2804409;1
2804458;0
2804508;1
2804607;1
2804706;1
2804805;1
2804904;0
2805000;0
2805109;1
2805208;1
2805307;1
2805406;0
2805505;1
2805604;0
2805703;1
2805802;0
2805901;1
2806008;1
2806107;1
2806206;0
2806305;0
2806404;1
2806503;1
2806602;1
2806701;1
2806800;0
2806909;1
2807006;0
2807105;1
2807204;0
2807303;0
2807402;1
2807501;0
2807600;1
2900108;0
2900207;1
2900306;1
2900355;0
2900405;0
2900504;0
2900603;1
2900702;1
2900801;1
2900900;1
2901007;1
2901106;1
2901155;1
2901205;0
2901304;1
2901353;0
2901403;0
2901502;0
2901601;0
2901700;0
2901809;1
2901908;0
2901957;1
2902005;0
2902054;1
2902104;0
2902203;0
2902252;1
2902302;1
2902401;1
2902500;0
2902609;0
2902658;0
2902708;0
2902807;0
2902906;1
2903003;0
2903102;1
2903201;1
2903235;1
2903276;0
2903300;1
2903409;1
2903508;1
2903607;0
2903706;0
2903805;0
2903904;1
2903953;0
2904001;0
2904050;0
2904100;0
2904209;0
2904308;0
2904407;0
2904506;0
2904605;1
2904704;1
2904753;0
2904803;0
2904852;0
2904902;1
2905008;1
2905107;0
2905156;0
2905206;1
2905305;1
2905404;1
2905503;0
2905602;1
2905701;1
2905800;0
2905909;0
2906006;0
2906105;0
2906204;0
2906303;1
2906402;0
2906501;1
2906600;1
2906709;1
2906808;0
2906824;1
2906857;0
2906873;1
2906899;0
2906907;1
2907004;0
2907103;0
2907202;1
2907301;1
2907400;0
2907509;1
2907558;0
2907608;0
2907707;0
2907806;1
2907905;1
2908002;1
2908101;0
2908200;1
2908309;0
2908408;1
2908507;1
2908606;1
2908705;0
2908804;1
2908903;0
2909000;0
2909109;0
2909208;0
2909307;0
2909406;0
2909505;1
2909604;0
2909703;0
2909802;1
2909901;0
2910008;0
2910057;1
2910107;0
2910206;0
2910305;0
2910404;0
2910503;1
2910602;1
2910701;0
2910727;1
2910750;0
2910776;1
2910800;1
2910859;1
2910909;1
2911006;1
2911105;1
2911204;1
2911253;1
2911303;0
2911402;0
2911501;1
2911600;0
2911659;0
2911709;1
2911808;0
2911857;0
2911907;1
2912004;0
2912103;1
2912202;1
2912301;1
2912400;1
2912509;0
2912608;0
2912707;0
2912806;1
2912905;1
2913002;0
2913101;0
2913200;1
2913309;1
2913408;1
2913457;0
2913507;1
2913606;1
2913705;0
2913804;0
2913903;1
2914000;0
2914109;1
2914208;0
2914307;0
2914406;0
2914505;0
2914604;1
2914653;1
2914703;1
2914802;1
2914901;1
2915007;0
2915106;1
2915205;1
2915304;1
2915353;0
2915403;1
2915502;1
2915601;1
2915700;1
2915809;1
2915908;0
2916005;1
2916104;1
2916203;1
2916302;1
2916401;1
2916500;0
2916609;1
2916708;1
2916807;1
2916856;1
2916906;1
2917003;0
2917102;1
2917201;0
2917300;1
2917334;1
2917359;0
2917409;0
2917508;1
2917607;1
2917706;1
2917805;0
2917904;1
2918001;1
2918100;0
2918209;0
2918308;1
2918357;1
2918407;1
2918456;0
2918506;1
2918555;1
2918605;0
2918704;1
2918753;0
2918803;0
2918902;1
2919009;0
2919058;1
2919108;0
2919157;0
2919207;1
2919306;1
2919405;0
2919504;0
2919553;1
2919603;1
2919702;1
2919801;0
2919900;0
2919926;1
2919959;0
2920007;1
2920106;1
2920205;0
2920304;0
2920403;1
2920452;0
2920502;1
2920601;1
2920700;0
2920809;1
2920908;1
2921005;1
2921054;0
2921104;1
2921203;1
2921302;1
2921401;0
2921450;0
2921500;0
2921609;1
2921708;1
2921807;0
2921906;0
2922003;1
2922052;0
2922102;1
2922201;0
2922250;0
2922300;1
2922409;0
2922508;1
2922607;0
2922656;0
2922706;0
2922730;1
2922755;0
2922805;0
2922854;1
2922904;0
2923001;1
2923035;0
2923050;1
2923100;0
2923209;0
2923308;0
2923357;0
2923407;0
2923506;1
2923605;0
2923704;0
2923803;0
2923902;1
2924009;1
2924058;0
2924108;0
2924207;0
2924306;0
2924405;0
2924504;0
2924603;1
2924652;1
2924678;0
2924702;0
2924801;1
2924900;0
2925006;1
2925105;1
2925204;1
2925253;1
2925303;1
2925402;1
2925501;1
2925600;1
2925709;0
2925758;0
2925808;1
2925907;0
2925931;0
2925956;0
2926004;1
2926103;1
2926202;1
2926301;1
2926400;0
2926509;0
2926608;1
2926657;1
2926707;0
2926806;0
2926905;0
2927002;1
2927101;1
2927200;1
2927309;0
2927408;1
2927507;0
2927606;0
2927705;1
2927804;1
2927903;1
2928000;1
2928059;1
2928109;1
2928208;1
2928307;0
2928406;1
2928505;0
2928604;1
2928703;1
2928802;1
2928901;0
2928950;1
2929008;1
2929057;1
2929107;0
2929206;1
2929255;1
2929305;0
2929354;1
2929370;1
2929404;0
2929503;1
2929602;0
2929701;0
2929750;1
2929800;1
2929909;0
2930006;0
2930105;1
2930154;0
2930204;1
2930303;0
2930402;0
2930501;1
2930600;1
2930709;1
2930758;1
2930766;0
2930774;1
2930808;0
2930907;0
2931004;0
2931053;0
2931103;1
2931202;0
2931301;1
2931350;1
2931400;1
2931509;0
2931608;0
2931707;1
2931806;0
2931905;0
2932002;0
2932101;0
2932200;1
2932309;1
2932408;1
2932457;0
2932507;1
2932606;0
2932705;1
2932804;1
2932903;1
2933000;1
2933059;0
2933109;1
2933158;1
2933174;0
2933208;1
2933257;0
2933307;1
2933406;1
2933455;0
2933505;0
2933604;1
3100104;1
3100203;1
3100302;1
3100401;1
3100500;0
3100609;0
3100708;1
3100807;1
3100906;1
3101003;1
3101102;1
3101201;1
3101300;0
3101409;1
3101508;1
3101607;1
3101631;1
3101706;1
3101805;1
3101904;1
3102001;1
3102050;1
3102100;0
3102209;0
3102308;1
3102407;0
3102506;1
3102605;1
3102704;1
3102803;1
3102852;1
3102902;1
3103009;0
3103108;1
3103207;1
3103306;1
3103405;1
3103504;1
3103603;1
3103702;0
3103751;1
3103801;1
3103900;1
3104007;1
3104106;1
3104205;1
3104304;1
3104403;1
3104452;0
3104502;1
3104601;1
3104700;1
3104809;1
3104908;1
3105004;1
3105103;1
3105202;0
3105301;1
3105400;1
3105509;1
3105608;1
3105707;0
3105905;1
3106002;1
3106101;0
3106200;1
3106309;1
3106408;0
3106507;0
3106606;1
3106655;1
3106705;1
3106804;0
3106903;1
3107000;1
3107109;1
3107208;0
3107307;1
3107406;1
3107505;1
3107604;1
3107703;0
3107802;1
3107901;1
3108008;1
3108107;0
3108206;1
3108255;0
3108305;1
3108404;1
3108503;1
3108552;1
3108602;1
3108701;0
3108800;0
3108909;1
3109006;1
3109105;1
3109204;1
3109253;0
3109303;1
3109402;1
3109451;1
3109501;1
3109600;1
3109709;1
3109808;1
3109907;1
3110004;1
3110103;1
3110202;1
3110301;1
3110400;0
3110509;1
3110608;1
3110707;1
3110806;1
3110905;1
3111002;1
3111101;1
3111150;0
3111200;1
3111309;1
3111408;1
3111507;1
3111606;1
3111705;0
3111804;1
3111903;1
3112000;1
3112059;1
3112109;0
3112208;0
3112307;1
3112406;1
3112505;1
3112604;1
3112653;1
3112703;1
3112802;1
3112901;0
3113008;0
3113107;0
3113206;1
3113305;1
3113404;1
3113503;1
3113602;1
3113701;1
3113800;1
3113909;1
3114006;1
3114105;1
3114204;1
3114303;1
3114402;1
3114501;1
3114550;1
3114600;1
3114709;1
3114808;1
3114907;0
3115003;1
3115102;1
3115201;1
3115300;1
3115359;1
3115409;0
3115458;0
3115474;1
3115508;1
3115607;1
3115706;1
3115805;1
3115904;1
3116001;0
3116100;0
3116159;1
3116209;1
3116308;0
3116407;1
3116506;1
3116605;1
3116704;1
3116803;0
3116902;0
3117009;0
3117108;1
3117207;1
3117306;1
3117405;0
3117504;1
3117603;0
3117702;1
3117801;1
3117836;0
3117876;1
3117900;1
3118007;1
3118106;1
3118205;1
3118304;1
3118403;1
3118502;1
3118601;1
3118700;1
3118809;1
3118908;1
3119005;1
3119104;1
3119203;1
3119302;1
3119401;1
3119500;1
3119609;1
3119708;1
3119807;1
3119906;1
3119955;1
3120003;1
3120102;1
3120151;1
3120201;1
3120300;1
3120409;1
3120508;1
3120607;1
3120706;1
3120805;1
3120839;1
3120870;1
3120904;1
3121001;1
3121100;0
3121209;1
3121258;1
3121308;1
3121407;1
3121506;0
3121605;1
3121704;0
3121803;1
3121902;1
3122009;1
3122108;1
3122207;1
3122306;1
3122355;1
3122405;1
3122454;1
3122470;1
3122504;1
3122603;1
3122702;1
3122801;0
3122900;1
3123007;1
3123106;0
3123205;1
3123304;0
3123403;1
3123502;1
3123528;0
3123601;1
3123700;1
3123809;1
3123858;1
3123908;1
3124005;1
3124104;1
3124203;1
3124302;1
3124401;0
3124500;0
3124609;1
3124708;1
3124807;1
3124906;1
3125002;1
3125101;1
3125200;1
3125309;1
3125408;0
3125507;1
3125606;1
3125705;1
3125804;1
3125903;0
3125952;0
3126000;1
3126109;1
3126208;1
3126307;1
3126406;1
3126505;0
3126604;1
3126703;1
3126752;0
3126802;0
3126901;1
3126950;0
3127008;1
3127057;1
3127073;0
3127107;1
3127206;1
3127305;1
3127339;0
3127354;0
3127370;1
3127388;1
3127404;0
3127503;1
3127602;1
3127701;1
3127800;0
3127909;1
3128006;1
3128105;1
3128204;0
3128253;1
3128303;1
3128402;1
3128501;1
3128600;1
3128709;1
3128808;1
3128907;1
3129004;0
3129103;0
3129202;1
3129301;1
3129400;1
3129509;1
3129608;1
3129657;1
3129707;1
3129806;1
3129905;1
3130002;1
3130051;0
3130101;1
3130200;1
3130309;1
3130408;1
3130507;1
3130556;0
3130606;1
3130655;0
3130705;1
3130804;1
3130903;1
3131000;1
3131109;1
3131158;1
3131208;1
3131307;1
3131406;1
3131505;1
3131604;1
3131703;1
3131802;1
3131901;1
3132008;0
3132107;1
3132206;1
3132305;0
3132404;1
3132503;1
3132602;1
3132701;1
3132800;0
3132909;1
3133006;1
3133105;1
3133204;1
3133303;1
3133402;1
3133501;1
3133600;1
3133709;1
3133758;1
3133808;1
3133907;0
3134004;0
3134103;1
3134202;1
3134301;1
3134400;1
3134509;1
3134608;1
3134707;1
3134806;1
3134905;1
3135001;1
3135050;0
3135076;1
3135100;1
3135209;1
3135308;1
3135357;0
3135407;1
3135456;0
3135506;1
3135605;1
3135704;0
3135803;1
3135902;1
3136009;1
3136108;0
3136207;1
3136306;1
3136405;1
3136504;1
3136520;0
3136553;0
3136579;1
3136603;1
3136652;1
3136702;1
3136801;1
3136900;1
3136959;1
3137007;0
3137106;1
3137205;1
3137304;1
3137403;1
3137502;1
3137536;1
3137601;1
3137700;1
3137809;1
3137908;0
3138005;1
3138104;1
3138203;1
3138302;1
3138351;0
3138401;1
3138500;1
3138609;1
3138625;1
3138658;1
3138674;0
3138682;0
3138708;1
3138807;1
3138906;1
3139003;1
3139102;1
3139201;1
3139250;0
3139300;1
3139409;1
3139508;1
3139607;1
3139706;1
3139805;1
3139904;1
3140001;1
3140100;1
3140159;1
3140209;1
3140308;1
3140407;1
3140506;1
3140530;0
3140555;1
3140605;0
3140704;1
3140803;1
3140852;1
3140902;1
3141009;1
3141108;1
3141207;1
3141306;1
3141405;1
3141504;1
3141603;1
3141702;1
3141801;0
3141900;1
3142007;1
3142106;1
3142205;1
3142254;0
3142304;0
3142403;1
3142502;1
3142601;1
3142700;1
3142809;1
3142908;1
3143005;1
3143104;1
3143153;0
3143203;1
3143302;1
3143401;1
3143450;0
3143500;1
3143609;1
3143708;1
3143807;1
3143906;1
3144003;1
3144102;1
3144201;1
3144300;1
3144359;1
3144375;1
3144409;1
3144508;1
3144607;1
3144656;0
3144672;0
3144706;1
3144805;1
3144904;1
3145000;1
3145059;1
3145109;1
3145208;1
3145307;0
3145356;0
3145372;0
3145406;0
3145455;1
3145505;1
3145604;1
3145703;1
3145802;0
3145851;1
3145877;0
3145901;1
3146008;1
3146107;1
3146206;1
3146255;1
3146305;1
3146404;1
3146503;1
3146552;0
3146602;1
3146701;1
3146750;1
3146909;1
3147006;1
3147105;1
3147204;1
3147303;1
3147402;1
3147501;1
3147600;1
3147709;1
3147808;1
3147907;1
3147956;0
3148004;1
3148103;1
3148202;1
3148301;1
3148400;0
3148509;1
3148608;1
3148707;1
3148756;0
3148806;1
3148905;1
3149002;1
3149101;0
3149150;1
3149200;1
3149309;1
3149408;1
3149507;1
3149606;1
3149705;1
3149804;1
3149903;1
3149952;1
3150000;1
3150109;1
3150158;1
3150208;1
3150307;1
3150406;0
3150505;1
3150539;1
3150570;0
3150604;0
3150703;1
3150802;0
3150901;0
3151008;1
3151107;1
3151206;1
3151305;1
3151404;1
3151503;1
3151602;1
3151701;1
3151800;1
3151909;1
3152006;1
3152105;1
3152131;1
3152170;0
3152204;1
3152303;0
3152402;1
3152501;1
3152600;1
3152709;1
3152808;1
3152907;1
3153004;1
3153103;0
3153202;0
3153301;1
3153400;1
3153509;1
3153608;1
3153707;1
3153806;0
3153905;1
3154002;1
3154101;1
3154150;1
3154200;1
3154309;1
3154408;1
3154457;1
3154507;0
3154606;1
3154705;1
3154804;1
3154903;1
3155009;1
3155108;1
3155207;0
3155306;1
3155405;1
3155504;1
3155603;0
3155702;1
3155801;1
3155900;1
3156007;0
3156106;1
3156205;1
3156304;1
3156403;1
3156452;1
3156502;0
3156601;1
3156700;1
3156809;1
3156908;1
3157005;1
3157104;1
3157203;1
3157252;1
3157278;1
3157302;0
3157336;1
3157377;0
3157401;0
3157500;1
3157609;1
3157658;1
3157708;1
3157807;1
3157906;1
3158003;1
3158102;1
3158201;1
3158300;1
3158409;1
3158508;0
3158607;0
3158706;1
3158805;1
3158904;0
3158953;1
3159001;1
3159100;1
3159209;1
3159308;1
3159357;1
3159407;1
3159506;0
3159605;1
3159704;1
3159803;1
3159902;1
3160009;1
3160108;1
3160207;0
3160306;1
3160405;1
3160454;0
3160504;0
3160603;1
3160702;1
3160801;1
3160900;1
3160959;0
3161007;1
3161056;1
3161106;1
3161205;1
3161304;1
3161403;1
3161502;1
3161601;0
3161650;1
3161700;1
3161809;1
3161908;0
3162005;1
3162104;1
3162203;1
3162252;1
3162302;1
3162401;0
3162450;0
3162500;1
3162559;0
3162575;1
3162609;1
3162658;0
3162708;0
3162807;1
3162906;1
3162922;1
3162948;1
3162955;1
3163003;1
3163102;1
3163201;1
3163300;1
3163409;1
3163508;0
3163607;1
3163706;1
3163805;1
3163904;1
3164001;1
3164100;0
3164209;1
3164308;1
3164407;1
3164431;1
3164472;1
3164506;0
3164605;1
3164704;1
3164803;1
3164902;1
3165008;1
3165107;1
3165206;1
3165305;1
3165404;1
3165503;0
3165537;1
3165552;0
3165560;1
3165578;1
3165602;1
3165701;1
3165800;0
3165909;0
3166006;1
3166105;0
3166204;0
3166303;1
3166402;1
3166501;0
3166600;1
3166709;1
3166808;1
3166907;1
3166956;0
3167004;1
3167103;1
3167202;1
3167301;1
3167400;1
3167509;1
3167608;0
3167707;1
3167806;1
3167905;1
3168002;1
3168051;0
3168101;1
3168200;1
3168309;0
3168408;1
3168507;1
3168606;1
3168705;1
3168804;1
3168903;1
3169000;1
3169059;0
3169109;0
3169208;1
3169307;1
3169356;1
3169406;1
3169505;1
3169604;1
3169703;1
3169802;1
3169901;1
3170008;0
3170057;1
3170107;1
3170206;1
3170305;1
3170404;1
3170438;1
3170479;1
3170503;1
3170529;0
3170578;1
3170602;1
3170651;1
3170701;1
3170750;1
3170800;1
3170909;0
3171006;1
3171030;1
3171071;1
3171105;1
3171154;0
3171204;1
3171303;1
3171402;0
3171501;1
3171600;0
3171709;0
3171808;1
3171907;1
3172004;1
3172103;1
3172202;1
3200102;1
3200136;0
3200169;1
3200201;1
3200300;0
3200359;1
3200409;1
3200508;1
3200607;1
3200706;1
3200805;1
3200904;1
3201001;1
3201100;1
3201159;0
3201209;1
3201308;1
3201407;1
3201506;1
3201605;1
3201704;1
3201803;0
3201902;0
3202009;1
3202108;1
3202207;1
3202256;0
3202306;1
3202405;1
3202454;1
3202504;1
3202553;0
3202603;1
3202652;0
3202702;1
3202801;1
3202900;0
3203007;1
3203056;1
3203106;1
3203130;1
3203163;0
3203205;1
3203304;1
3203320;1
3203346;1
3203353;1
3203403;1
3203502;1
3203601;1
3203700;0
3203809;1
3203908;1
3204005;0
3204054;1
3204104;1
3204203;1
3204252;1
3204302;0
3204351;0
3204401;1
3204500;0
3204559;0
3204609;1
3204658;0
3204708;1
3204807;1
3204906;1
3204955;1
3205002;1
3205010;1
3205036;0
3205069;1
3205101;1
3205150;0
3205176;0
3205200;1
3205309;1
3300100;1
3300159;1
3300209;1
3300225;1
3300233;1
3300258;1
3300308;1
3300407;1
3300456;1
3300506;1
3300605;1
3300704;1
3300803;1
3300902;1
3300936;1
3300951;1
3301009;1
3301108;1
3301157;1
3301207;1
3301306;1
3301405;1
3301504;1
3301603;1
3301702;1
3301801;1
3301850;1
3301876;1
3301900;1
3302007;1
3302056;1
3302106;1
3302205;1
3302254;1
3302270;1
3302304;1
3302403;1
3302452;1
3302502;1
3302601;1
3302700;1
3302809;1
3302858;1
3302908;1
3303005;1
3303104;1
3303203;1
3303302;1
3303401;1
3303500;1
3303609;1
3303708;1
3303807;1
3303856;1
3303906;1
3303955;1
3304003;1
3304102;1
3304110;1
3304128;1
3304144;1
3304151;1
3304201;1
3304300;1
3304409;1
3304508;1
3304524;1
3304557;1
3304607;1
3304706;1
3304755;1
3304805;1
3304904;1
3305000;1
3305109;1
3305133;0
3305158;0
3305208;1
3305307;1
3305406;1
3305505;1
3305554;1
3305604;1
3305703;0
3305752;1
3305802;1
3305901;0
3306008;1
3306107;1
3306156;1
3306206;1
3306305;1
3500105;1
3500204;1
3500303;1
3500402;1
3500501;1
3500550;1
3500600;1
3500709;1
3500758;1
3500808;1
3500907;1
3501004;1
3501103;1
3501152;1
3501202;1
3501301;1
3501400;1
3501509;1
3501608;1
3501707;1
3501806;1
3501905;1
3502002;1
3502101;1
3502200;1
3502309;1
3502408;1
3502507;1
3502606;1
3502705;1
3502754;1
3502804;1
3502903;1
3503000;1
3503109;1
3503158;1
3503208;1
3503307;1
3503356;1
3503406;1
3503505;1
3503604;1
3503703;1
3503802;1
3503901;1
3503950;1
3504008;1
3504107;1
3504206;1
3504305;1
3504404;1
3504503;1
3504602;1
3504701;0
3504800;1
3504909;1
3505005;1
3505104;1
3505203;1
3505302;1
3505351;0
3505401;0
3505500;1
3505609;1
3505708;1
3505807;1
3505906;1
3506003;1
3506102;1
3506201;1
3506300;1
3506359;1
3506409;1
3506508;1
3506607;1
3506706;1
3506805;1
3506904;1
3507001;1
3507100;1
3507159;1
3507209;1
3507308;1
3507407;1
3507456;1
3507506;1
3507605;1
3507704;1
3507753;1
3507803;1
3507902;1
3508009;1
3508108;1
3508207;1
3508306;1
3508405;1
3508504;1
3508603;1
3508702;1
3508801;1
3508900;1
3509007;1
3509106;0
3509205;1
3509254;1
3509304;1
3509403;1
3509452;1
3509502;1
3509601;1
3509700;1
3509809;1
3509908;1
3509957;1
3510005;1
3510104;1
3510153;1
3510203;1
3510302;1
3510401;1
3510500;1
3510609;1
3510708;1
3510807;1
3510906;1
3511003;1
3511102;1
3511201;1
3511300;1
3511409;1
3511508;1
3511607;1
3511706;1
3511904;1
3512001;1
3512100;1
3512209;1
3512308;1
3512407;1
3512506;1
3512605;1
3512704;1
3512803;1
3512902;1
3513009;1
3513108;1
3513207;1
3513306;1
3513405;1
3513504;1
3513603;1
3513702;1
3513801;1
3513850;1
3513900;1
3514007;1
3514106;1
3514205;1
3514304;1
3514403;1
3514502;1
3514601;1
3514700;1
3514809;0
3514908;1
3514924;1
3514957;1
3515004;1
3515103;1
3515129;1
3515152;1
3515186;1
3515194;1
3515202;1
3515301;1
3515350;1
3515400;1
3515509;1
3515608;1
3515657;1
3515707;1
3515806;1
3515905;1
3516002;1
3516101;1
3516200;1
3516309;1
3516408;1
3516507;1
3516606;1
3516705;1
3516804;1
3516853;1
3516903;1
3517000;1
3517109;1
3517208;1
3517307;1
3517406;1
3517505;1
3517604;0
3517703;1
3517802;1
3517901;1
3518008;1
3518107;1
3518206;1
3518305;1
3518404;1
3518503;1
3518602;1
3518701;1
3518800;1
3518859;1
3518909;1
3519006;1
3519055;1
3519071;1
3519105;1
3519204;1
3519253;0
3519303;1
3519402;1
3519501;1
3519600;1
3519709;0
3519808;1
3519907;1
3520004;1
3520103;1
3520202;1
3520301;1
3520400;1
3520426;1
3520442;1
3520509;1
3520608;1
3520707;1
3520806;1
3520905;1
3521002;1
3521101;1
3521150;1
3521200;1
3521309;1
3521408;1
3521507;1
3521606;1
3521705;1
3521804;1
3521903;1
3522000;1
3522109;1
3522158;1
3522208;1
3522307;1
3522406;1
3522505;1
3522604;1
3522653;1
3522703;1
3522802;1
3522901;1
3523008;1
3523107;1
3523206;1
3523305;1
3523404;1
3523503;1
3523602;1
3523701;1
3523800;1
3523909;1
3524006;1
3524105;1
3524204;1
3524303;1
3524402;1
3524501;1
3524600;1
3524709;1
3524808;1
3524907;0
3525003;1
3525102;1
3525201;1
3525300;1
3525409;1
3525508;1
3525607;1
3525706;1
3525805;1
3525854;1
3525904;1
3526001;1
3526100;1
3526209;1
3526308;1
3526407;1
3526506;0
3526605;1
3526704;1
3526803;1
3526902;1
3527009;1
3527108;1
3527207;1
3527256;1
3527306;1
3527405;1
3527504;1
3527603;1
3527702;1
3527801;1
3527900;1
3528007;1
3528106;1
3528205;1
3528304;1
3528403;1
3528502;1
3528601;1
3528700;0
3528809;1
3528858;1
3528908;1
3529005;1
3529104;1
3529203;1
3529302;1
3529401;1
3529500;1
3529609;1
3529658;1
3529708;1
3529807;1
3529906;1
3530003;1
3530102;1
3530201;1
3530300;1
3530409;1
3530508;1
3530607;1
3530706;1
3530805;1
3530904;1
3531001;1
3531100;1
3531209;1
3531308;1
3531407;1
3531506;1
3531605;1
3531704;0
3531803;1
3531902;1
3532009;1
3532058;1
3532108;1
3532157;1
3532207;1
3532306;0
3532405;1
3532504;1
3532603;1
3532702;1
3532801;1
3532827;1
3532843;0
3532868;1
3532900;1
3533007;1
3533106;1
3533205;1
3533254;1
3533304;1
3533403;1
3533502;1
3533601;1
3533700;1
3533809;1
3533908;1
3534005;1
3534104;1
3534203;1
3534302;1
3534401;1
3534500;1
3534609;1
3534708;1
3534757;1
3534807;1
3534906;1
3535002;1
3535101;1
3535200;1
3535309;1
3535408;1
3535507;1
3535606;0
3535705;1
3535804;1
3535903;1
3536000;1
3536109;1
3536208;1
3536257;1
3536307;1
3536406;1
3536505;1
3536570;1
3536604;1
3536703;1
3536802;0
3536901;1
3537008;1
3537107;1
3537156;1
3537206;1
3537305;1
3537404;1
3537503;1
3537602;1
3537701;1
3537800;0
3537909;1
3538006;1
3538105;1
3538204;0
3538303;1
3538501;1
3538600;1
3538709;1
3538808;1
3538907;1
3539004;1
3539103;1
3539202;1
3539301;1
3539400;1
3539509;1
3539608;1
3539707;1
3539806;1
3539905;1
3540002;1
3540101;1
3540200;1
3540259;1
3540309;1
3540408;1
3540507;1
3540606;1
3540705;1
3540754;1
3540804;1
3540853;0
3540903;1
3541000;1
3541059;1
3541109;1
3541208;1
3541307;1
3541406;1
3541505;1
3541604;1
3541653;0
3541703;1
3541802;1
3541901;1
3542008;1
3542107;1
3542206;1
3542305;1
3542404;1
3542503;1
3542602;1
3542701;1
3542800;0
3542909;1
3543006;1
3543105;1
3543204;1
3543238;1
3543253;0
3543303;1
3543402;1
3543501;1
3543600;1
3543709;1
3543808;1
3543907;1
3544004;1
3544103;1
3544202;1
3544251;1
3544301;1
3544400;1
3544509;1
3544608;1
3544707;1
3544806;1
3544905;1
3545001;1
3545100;1
3545159;1
3545209;1
3545308;1
3545407;1
3545506;1
3545605;1
3545704;1
3545803;1
3546009;1
3546108;1
3546207;1
3546256;1
3546306;1
3546405;1
3546504;1
3546603;1
3546702;1
3546801;1
3546900;1
3547007;1
3547106;1
3547205;1
3547304;1
3547403;1
3547502;1
3547601;1
3547650;1
3547700;1
3547809;1
3547908;1
3548005;1
3548054;1
3548104;1
3548203;1
3548302;1
3548401;1
3548500;1
3548609;0
3548708;1
3548807;1
3548906;1
3549003;1
3549102;1
3549201;1
3549250;1
3549300;1
3549409;1
3549508;1
3549607;1
3549706;1
3549805;1
3549904;1
3549953;1
3550001;1
3550100;1
3550209;1
3550308;1
3550407;1
3550506;1
3550605;1
3550704;1
3550803;1
3550902;1
3551009;1
3551108;1
3551207;1
3551306;1
3551405;1
3551504;1
3551603;1
3551702;1
3551801;1
3551900;1
3552007;0
3552106;1
3552205;1
3552304;1
3552403;1
3552502;1
3552551;1
3552601;1
3552700;1
3552809;1
3552908;1
3553005;1
3553104;1
3553203;1
3553302;1
3553401;1
3553500;1
3553609;1
3553658;1
3553708;1
3553807;1
3553856;1
3553906;1
3553955;1
3554003;1
3554102;1
3554201;1
3554300;1
3554409;1
3554508;1
3554607;1
3554656;1
3554706;1
3554755;1
3554805;1
3554904;1
3554953;0
3555000;1
3555109;1
3555208;1
3555307;1
3555356;1
3555406;1
3555505;1
3555604;1
3555703;1
3555802;1
3555901;1
3556008;1
3556107;1
3556206;1
3556305;1
3556354;0
3556404;1
3556453;1
3556503;1
3556602;1
3556701;1
3556800;1
3556909;1
3556958;1
3557006;1
3557105;1
3557154;1
3557204;1
3557303;1
4100103;1
4100202;0
4100301;0
4100400;1
4100459;0
4100509;1
4100608;1
4100707;1
4100806;1
4100905;1
4101002;1
4101051;1
4101101;1
4101150;1
4101200;1
4101309;0
4101408;1
4101507;1
4101606;1
4101655;0
4101705;1
4101804;1
4101853;0
4101903;1
4102000;1
4102109;1
4102208;1
4102307;1
4102406;1
4102505;1
4102604;1
4102703;1
4102752;0
4102802;1
4102901;1
4103008;1
4103024;0
4103040;0
4103057;1
4103107;0
4103156;0
4103206;1
4103222;0
4103305;1
4103354;1
4103370;1
4103404;1
4103453;1
4103479;1
4103503;1
4103602;1
4103701;1
4103800;1
4103909;1
4103958;0
4104006;1
4104055;1
4104105;1
4104204;1
4104253;1
4104303;1
4104402;0
4104428;0
4104451;1
4104501;1
4104600;1
4104659;1
4104709;1
4104808;1
4104907;1
4105003;1
4105102;1
4105201;0
4105300;1
4105409;1
4105508;1
4105607;1
4105706;1
4105805;1
4105904;1
4106001;1
4106100;1
4106209;1
4106308;1
4106407;1
4106456;0
4106506;1
4106555;1
4106571;1
4106605;1
4106704;1
4106803;0
4106852;0
4106902;1
4107009;1
4107108;1
4107124;0
4107157;0
4107207;1
4107256;1
4107306;1
4107405;0
4107504;1
4107520;0
4107538;1
4107546;0
4107553;1
4107603;1
4107652;1
4107702;1
4107736;0
4107751;1
4107801;1
4107850;0
4107900;1
4108007;1
4108106;1
4108205;1
4108304;1
4108320;1
4108403;1
4108452;1
4108502;1
4108551;0
4108601;1
4108650;0
4108700;1
4108809;1
4108908;1
4108957;0
4109005;1
4109104;1
4109203;1
4109302;1
4109401;1
4109500;0
4109609;1
4109658;0
4109708;1
4109757;1
4109807;1
4109906;1
4110003;1
4110052;1
4110078;1
4110102;1
4110201;1
4110300;1
4110409;1
4110508;0
4110607;1
4110656;1
4110706;1
4110805;1
4110904;1
4110953;1
4111001;1
4111100;1
4111209;1
4111258;1
4111308;1
4111407;0
4111506;1
4111555;1
4111605;1
4111704;1
4111803;1
4111902;1
4112009;1
4112108;1
4112207;1
4112306;1
4112405;1
4112504;1
4112603;1
4112702;1
4112751;1
4112801;1
4112900;1
4112959;1
4113007;1
4113106;1
4113205;1
4113254;0
4113304;1
4113403;1
4113429;1
4113452;0
4113502;1
4113601;1
4113700;1
4113734;1
4113759;1
4113809;1
4113908;1
4114005;1
4114104;1
4114203;1
4114302;0
4114351;0
4114401;1
4114500;1
4114609;1
4114708;1
4114807;1
4114906;1
4115002;1
4115101;1
4115200;1
4115309;1
4115358;1
4115408;1
4115457;0
4115507;1
4115606;1
4115705;1
4115739;0
4115754;1
4115804;1
4115853;0
4115903;1
4116000;1
4116059;0
4116109;1
4116208;0
4116307;1
4116406;1
4116505;1
4116604;1
4116703;1
4116802;1
4116901;1
4116950;0
4117008;1
4117057;0
4117107;1
4117206;1
4117214;1
4117222;1
4117255;1
4117271;0
4117297;1
4117305;0
4117404;1
4117453;1
4117503;1
4117602;1
4117701;1
4117800;0
4117909;1
4118006;1
4118105;1
4118204;1
4118303;1
4118402;1
4118451;1
4118501;1
4118600;1
4118709;0
4118808;1
4118857;1
4118907;1
4119004;0
4119103;0
4119152;1
4119202;1
4119251;0
4119301;0
4119400;1
4119509;0
4119608;1
4119657;1
4119707;1
4119806;0
4119905;1
4119954;1
4120002;1
4120101;1
4120150;0
4120200;1
4120309;1
4120333;1
4120358;1
4120408;1
4120507;1
4120606;0
4120655;1
4120705;1
4120804;1
4120853;1
4120903;1
4121000;1
4121109;1
4121208;0
4121257;0
4121307;1
4121356;1
4121406;1
4121505;1
4121604;1
4121703;1
4121752;1
4121802;1
4121901;1
4122008;0
4122107;1
4122156;0
4122172;0
4122206;1
4122305;1
4122404;1
4122503;1
4122602;1
4122651;0
4122701;1
4122800;0
4122909;1
4123006;1
4123105;1
4123204;1
4123303;1
4123402;1
4123501;1
4123600;1
4123709;1
4123808;1
4123824;1
4123857;0
4123907;1
4123956;0
4124004;1
4124020;1
4124053;1
4124103;1
4124202;1
4124301;1
4124400;1
4124509;1
4124608;1
4124707;0
4124806;1
4124905;1
4125001;1
4125100;0
4125209;1
4125308;1
4125357;1
4125407;1
4125456;1
4125506;1
4125555;1
4125605;1
4125704;1
4125753;1
4125803;1
4125902;1
4126009;1
4126108;1
4126207;1
4126256;1
4126272;1
4126306;1
4126355;1
4126405;1
4126504;1
4126603;1
4126652;0
4126678;0
4126702;1
4126801;1
4126900;1
4127007;0
4127106;1
4127205;1
4127304;1
4127403;1
4127502;1
4127601;0
4127700;1
4127809;0
4127858;1
4127882;0
4127908;1
4127957;1
4127965;0
4128005;1
4128104;1
4128203;1
4128302;1
4128401;1
4128500;1
4128534;1
4128559;1
4128609;0
4128625;1
4128633;0
4128658;0
4128708;1
4128807;0
4200051;0
4200101;1
4200200;1
4200309;0
4200408;0
4200507;1
4200556;0
4200606;0
4200705;0
4200754;0
4200804;0
4200903;0
4201000;1
4201109;0
4201208;0
4201257;0
4201273;0
4201307;1
4201406;1
4201505;1
4201604;1
4201653;0
4201703;1
4201802;0
4201901;0
4201950;1
4202008;1
4202057;1
4202073;1
4202081;0
4202099;0
4202107;1
4202131;0
4202156;0
4202206;1
4202305;1
4202404;1
4202438;0
4202453;1
4202503;1
4202537;1
4202578;0
4202602;1
4202701;0
4202800;1
4202859;1
4202875;0
4202909;1
4203006;1
4203105;1
4203154;1
4203204;1
4203253;0
4203303;1
4203402;1
4203501;1
4203600;1
4203709;1
4203808;1
4203907;1
4203956;1
4204004;1
4204103;0
4204152;0
4204178;0
4204194;0
4204202;1
4204251;1
4204301;1
4204350;0
4204400;1
4204459;0
4204509;1
4204558;1
4204608;1
4204707;1
4204756;0
4204806;1
4204905;0
4205001;1
4205100;0
4205159;1
4205175;0
4205191;0
4205209;1
4205308;1
4205357;0
4205407;1
4205431;0
4205456;1
4205506;1
4205555;0
4205605;1
4205704;1
4205803;1
4205902;1
4206009;1
4206108;0
4206207;0
4206306;1
4206405;0
4206504;1
4206603;1
4206652;0
4206702;1
4206751;0
4206801;0
4206900;1
4207007;1
4207106;1
4207205;0
4207304;1
4207403;0
4207502;1
4207577;0
4207601;1
4207650;0
4207684;0
4207700;0
4207759;0
4207809;1
4207858;0
4207908;0
4208005;1
4208104;1
4208203;1
4208302;1
4208401;0
4208450;1
4208500;1
4208609;0
4208708;0
4208807;1
4208906;1
4208955;0
4209003;1
4209102;1
4209151;0
4209177;0
4209201;1
4209300;1
4209409;1
4209458;0
4209508;1
4209607;1
4209706;1
4209805;0
4209854;0
4209904;1
4210001;0
4210035;1
4210050;0
4210100;1
4210209;0
4210308;0
4210407;1
4210506;1
4210555;0
4210605;1
4210704;1
4210803;1
4210852;0
4210902;1
4211009;1
4211058;1
4211108;1
4211207;1
4211256;0
4211306;1
4211405;1
4211454;0
4211504;1
4211603;1
4211652;0
4211702;1
4211751;1
4211801;1
4211850;0
4211876;0
4211892;0
4211900;1
4212007;1
4212056;0
4212106;1
4212205;1
4212239;0
4212254;1
4212270;0
4212304;1
4212403;0
4212502;1
4212601;1
4212700;0
4212809;1
4212908;1
4213005;1
4213104;1
4213153;0
4213203;1
4213302;1
4213351;1
4213401;1
4213500;1
4213609;1
4213708;1
4213807;1
4213906;0
4214003;1
4214102;0
4214151;0
4214201;1
4214300;0
4214409;0
4214508;0
4214607;0
4214706;0
4214805;1
4214904;0
4215000;1
4215059;0
4215075;0
4215109;1
4215208;0
4215307;1
4215356;0
4215406;1
4215455;0
4215505;1
4215554;0
4215604;0
4215653;0
4215679;0
4215687;0
4215695;0
4215703;1
4215752;0
4215802;1
4215901;0
4216008;1
4216057;1
4216107;1
4216206;1
4216255;0
4216305;1
4216354;1
4216404;0
4216503;1
4216602;1
4216701;1
4216800;0
4216909;1
4217006;1
4217105;0
4217154;0
4217204;1
4217253;1
4217303;1
4217402;1
4217501;1
4217550;1
4217600;1
4217709;1
4217758;0
4217808;1
4217907;1
4217956;0
4218004;1
4218103;0
4218202;1
4218251;1
4218301;1
4218350;1
4218400;0
4218509;1
4218608;1
4218707;1
4218756;0
4218806;1
4218855;0
4218905;1
4218954;0
4219002;1
4219101;1
4219150;0
4219176;1
4219200;0
4219309;1
4219358;0
4219408;0
4219507;1
4219606;0
4219705;1
4219853;1
4300034;0
4300059;0
4300109;0
4300208;1
4300307;0
4300406;1
4300455;0
4300471;0
4300505;0
4300554;0
4300570;0
4300604;1
4300638;0
4300646;1
4300661;0
4300703;0
4300802;1
4300851;1
4300877;1
4300901;1
4301008;1
4301057;1
4301073;0
4301107;1
4301206;0
4301305;1
4301404;1
4301503;1
4301552;0
4301602;1
4301636;1
4301651;1
4301701;1
4301750;0
4301800;1
4301859;0
4301875;1
4301909;1
4301925;0
4301958;1
4302006;0
4302055;0
4302105;1
4302154;0
4302204;1
4302220;0
4302238;0
4302253;0
4302303;1
4302352;1
4302378;0
4302402;1
4302451;0
4302501;1
4302584;0
4302600;1
4302659;0
4302709;1
4302808;1
4302907;1
4303004;1
4303103;1
4303202;0
4303301;1
4303400;0
4303509;1
4303558;0
4303608;0
4303673;0
4303707;0
4303806;1
4303905;1
4304002;1
4304101;1
4304200;1
4304309;0
4304358;0
4304408;1
4304507;0
4304606;1
4304614;0
4304622;0
4304630;1
4304655;0
4304663;1
4304671;1
4304689;1
4304697;0
4304705;1
4304713;0
4304804;1
4304853;0
4304903;1
4304952;1
4305009;1
4305108;1
4305116;0
4305124;1
4305132;0
4305157;0
4305173;0
4305207;1
4305306;1
4305355;1
4305371;0
4305405;1
4305439;1
4305447;0
4305454;1
4305504;1
4305587;0
4305603;1
4305702;1
4305801;1
4305835;0
4305850;0
4305871;0
4305900;1
4305934;0
4305959;1
4305975;1
4306007;0
4306056;1
4306072;0
4306106;1
4306130;0
4306205;1
4306304;0
4306320;0
4306353;0
4306379;0
4306403;1
4306429;0
4306452;0
4306502;0
4306551;0
4306601;1
4306700;1
4306734;0
4306759;0
4306767;1
4306809;1
4306908;1
4306924;0
4306932;1
4306957;1
4306973;1
4307005;1
4307054;1
4307104;1
4307203;1
4307302;0
4307401;1
4307450;0
4307500;1
4307559;1
4307609;1
4307708;1
4307807;1
4307815;0
4307831;1
4307864;1
4307906;1
4308003;1
4308052;1
4308078;1
4308102;1
4308201;1
4308250;0
4308300;0
4308409;0
4308433;0
4308458;1
4308508;1
4308607;1
4308656;0
4308706;1
4308805;1
4308854;0
4308904;1
4309001;1
4309050;0
4309100;1
4309126;0
4309159;0
4309209;1
4309258;0
4309308;1
4309407;1
4309506;1
4309555;1
4309571;0
4309605;1
4309654;0
4309704;1
4309753;0
4309803;1
4309902;1
4309951;1
4310009;1
4310108;1
4310207;1
4310306;1
4310330;1
4310363;0
4310405;1
4310413;1
4310439;0
4310462;0
4310504;1
4310538;1
4310553;0
4310579;0
4310603;1
4310652;0
4310702;0
4310751;0
4310801;1
4310850;0
4310876;0
4310900;1
4311007;1
4311106;1
4311122;1
4311130;0
4311155;0
4311205;1
4311239;0
4311254;0
4311270;0
4311304;1
4311403;1
4311429;0
4311502;1
4311601;0
4311627;1
4311643;0
4311700;1
4311718;0
4311734;0
4311759;1
4311775;0
4311791;0
4311809;1
4311908;1
4311981;0
4312005;1
4312054;0
4312104;1
4312138;0
4312153;0
4312179;0
4312203;1
4312252;1
4312302;0
4312351;0
4312377;0
4312385;0
4312401;1
4312427;0
4312443;0
4312450;0
4312476;1
4312500;1
4312609;1
4312617;0
4312625;0
4312658;1
4312674;0
4312708;1
4312757;0
4312807;1
4312906;1
4312955;0
4313003;0
4313011;0
4313037;1
4313060;1
4313086;0
4313102;0
4313201;1
4313300;1
4313334;0
4313359;0
4313375;1
4313391;0
4313409;1
4313425;0
4313441;0
4313466;0
4313490;0
4313508;1
4313607;1
4313656;1
4313706;1
4313805;0
4313904;1
4313953;1
4314001;1
4314027;0
4314035;0
4314050;1
4314068;0
4314076;0
4314100;1
4314134;0
4314159;1
4314175;0
4314209;1
4314308;1
4314407;1
4314423;1
4314456;1
4314464;0
4314472;0
4314498;0
4314506;1
4314555;0
4314605;1
4314704;1
4314753;0
4314779;0
4314787;0
4314803;1
4314902;1
4315008;0
4315057;0
4315073;0
4315107;1
4315131;0
4315149;1
4315156;0
4315172;0
4315206;0
4315305;1
4315313;1
4315321;0
4315354;1
4315404;0
4315453;0
4315503;1
4315552;0
4315602;1
4315701;1
4315750;1
4315800;1
4315909;1
4315958;0
4316006;1
4316105;1
4316204;0
4316303;0
4316402;1
4316428;0
4316436;1
4316451;1
4316477;0
4316501;1
4316600;1
4316709;1
4316733;0
4316758;1
4316808;1
4316907;1
4316956;1
4316972;0
4317004;0
4317103;1
4317202;1
4317251;0
4317301;1
4317400;1
4317509;1
4317558;0
4317608;1
4317707;1
4317756;1
4317806;1
4317905;1
4317954;0
4318002;1
4318051;1
4318101;1
4318200;1
4318309;1
4318408;1
4318424;0
4318432;1
4318440;1
4318457;0
4318465;0
4318481;1
4318499;0
4318507;1
4318606;1
4318614;0
4318622;1
4318705;1
4318804;1
4318903;1
4319000;1
4319109;1
4319125;0
4319158;0
4319208;1
4319307;0
4319356;0
4319364;0
4319372;0
4319406;1
4319505;1
4319604;1
4319703;0
4319711;0
4319737;0
4319752;1
4319802;1
4319901;1
4320008;1
4320107;1
4320206;1
4320230;1
4320263;0
4320305;1
4320321;0
4320354;0
4320404;1
4320453;0
4320503;1
4320552;0
4320578;0
4320602;0
4320651;0
4320677;0
4320701;1
4320800;1
4320859;0
4320909;1
4321006;1
4321105;1
4321204;1
4321303;1
4321329;0
4321352;1
4321402;1
4321436;1
4321451;1
4321469;0
4321477;0
4321493;0
4321501;1
4321600;1
4321626;0
4321634;0
4321667;1
4321709;1
4321808;1
4321832;0
4321857;0
4321907;1
4321956;0
4322004;1
4322103;1
4322152;0
4322186;0
4322202;1
4322251;1
4322301;1
4322327;0
4322343;0
4322350;0
4322376;0
4322400;1
4322509;1
4322525;0
4322533;0
4322541;1
4322558;1
4322608;1
4322707;1
4322806;1
4322855;0
4322905;1
4323002;1
4323101;0
4323200;0
4323309;0
4323358;0
4323408;1
4323457;1
4323507;0
4323606;0
4323705;0
4323754;0
4323770;0
4323804;1
5000203;1
5000252;1
5000609;1
5000708;1
5000807;1
5000856;1
5000906;1
5001003;1
5001102;1
5001243;1
5001508;1
5001904;1
5002001;1
5002100;1
5002159;1
5002209;1
5002308;1
5002407;1
5002605;1
5002704;1
5002803;1
5002902;1
5002951;1
5003108;0
5003157;1
5003207;1
5003256;1
5003306;1
5003454;1
5003488;0
5003504;1
5003702;1
5003751;1
5003801;1
5003900;1
5004007;1
5004106;1
5004304;1
5004403;1
5004502;1
5004601;0
5004700;1
5004809;0
5004908;0
5005004;1
5005103;0
5005152;1
5005202;1
5005251;0
5005400;1
5005608;1
5005681;1
5005707;1
5005806;0
5006002;1
5006200;1
5006259;1
5006309;1
5006358;1
5006408;1
5006606;1
5006903;1
5007109;1
5007208;1
5007307;1
5007406;1
5007505;1
5007554;0
5007695;1
5007703;1
5007802;1
5007901;1
5007935;1
5007950;0
5007976;1
5008008;0
5008305;1
5008404;1
5100102;1
5100201;1
5100250;1
5100300;1
5100359;1
5100409;1
5100508;1
5100607;1
5100805;1
5101001;1
5101209;1
5101258;1
5101308;1
5101407;1
5101605;0
5101704;1
5101803;1
5101852;0
5101902;1
5102504;1
5102603;0
5102637;1
5102678;1
5102686;1
5102694;1
5102702;1
5102793;0
5102850;0
5103007;1
5103056;1
5103106;1
5103205;1
5103254;1
5103304;1
5103353;1
5103361;1
5103379;0
5103403;1
5103437;1
5103452;1
5103502;1
5103601;1
5103700;1
5103809;1
5103858;0
5103908;0
5103957;1
5104104;1
5104203;1
5104500;1
5104526;1
5104542;1
5104559;1
5104609;0
5104807;1
5104906;0
5105002;1
5105101;1
5105150;1
5105176;1
5105200;1
5105234;1
5105259;1
5105309;1
5105507;0
5105580;1
5105606;1
5105622;1
5105903;1
5106000;1
5106109;0
5106158;0
5106174;0
5106182;1
5106190;1
5106208;1
5106216;1
5106224;1
5106232;1
5106240;1
5106257;1
5106265;0
5106273;0
5106281;1
5106299;1
5106307;1
5106315;1
5106372;1
5106422;1
5106455;1
5106505;1
5106653;1
5106703;1
5106752;1
5106778;0
5106802;1
5106828;0
5106851;0
5107008;1
5107040;1
5107065;0
5107107;1
5107156;1
5107180;1
5107198;1
5107206;1
5107248;1
5107263;1
5107297;0
5107305;1
5107354;1
5107404;1
5107578;0
5107602;1
5107701;1
5107743;1
5107750;1
5107768;1
5107776;0
5107792;1
5107800;0
5107859;1
5107875;1
5107883;1
5107909;1
5107925;1
5107941;1
5107958;1
5108006;1
5108055;0
5108105;1
5108204;1
5108303;1
5108352;0
5108402;1
5108501;1
5108600;1
5108808;0
5108857;1
5108907;1
5108956;0
5200050;1
5200100;1
5200134;1
5200159;1
5200175;0
5200209;1
5200258;1
5200308;1
5200506;1
5200555;1
5200605;1
5200803;1
5200829;0
5200852;1
5200902;1
5201108;1
5201207;1
5201306;1
5201405;1
5201454;1
5201504;1
5201603;1
5201702;1
5201801;1
5202155;1
5202353;1
5202502;1
5202601;1
5202809;1
5203104;0
5203203;1
5203302;1
5203401;1
5203500;1
5203559;1
5203575;0
5203609;1
5203807;1
5203906;1
5203939;1
5203962;1
5204003;1
5204102;1
5204201;1
5204250;1
5204300;1
5204409;1
5204508;1
5204557;1
5204607;1
5204656;1
5204706;1
5204805;1
5204854;1
5204904;1
5204953;1
5205000;1
5205059;1
5205109;1
5205208;1
5205307;1
5205406;1
5205455;1
5205471;1
5205497;1
5205513;0
5205521;1
5205703;1
5205802;1
5205901;1
5206206;1
5206305;1
5206404;1
5206503;1
5206602;1
5206701;1
5206800;1
5206909;1
5207105;1
5207253;1
5207352;1
5207402;1
5207501;1
5207535;1
5207600;1
5207808;1
5207907;0
5208004;1
5208103;1
5208152;0
5208301;1
5208400;1
5208509;1
5208608;1
5208707;1
5208806;1
5208905;1
5209101;1
5209150;1
5209200;1
5209291;1
5209408;0
5209457;0
5209606;1
5209705;1
5209804;1
5209903;1
5209937;1
5209952;1
5210000;1
5210109;1
5210158;0
5210208;1
5210307;1
5210406;1
5210562;1
5210604;1
5210802;1
5210901;1
5211008;1
5211206;1
5211305;1
5211404;1
5211503;1
5211602;1
5211701;1
5211800;1
5211909;1
5212006;1
5212055;1
5212105;1
5212204;1
5212253;1
5212303;1
5212501;1
5212600;1
5212709;1
5212808;1
5212907;1
5212956;1
5213004;1
5213053;0
5213087;1
5213103;1
5213400;1
5213509;0
5213707;1
5213756;1
5213772;0
5213806;1
5213855;1
5213905;1
5214002;1
5214051;1
5214101;1
5214408;1
5214507;1
5214606;1
5214705;1
5214804;1
5214838;1
5214861;1
5214879;1
5214903;0
5215009;1
5215207;1
5215231;1
5215256;1
5215306;1
5215405;1
5215504;1
5215603;0
5215652;1
5215702;1
5215801;1
5215900;1
5216007;1
5216304;1
5216403;1
5216452;1
5216809;1
5216908;0
5217104;1
5217203;1
5217302;1
5217401;1
5217609;1
5217708;1
5218003;1
5218052;1
5218102;1
5218300;1
5218391;1
5218508;1
5218607;1
5218706;1
5218789;1
5218805;1
5218904;1
5219001;1
5219100;1
5219209;0
5219258;1
5219308;1
5219357;0
5219407;1
5219456;0
5219506;1
5219605;1
5219704;1
5219712;1
5219738;1
5219753;1
5219803;1
5219902;1
5220009;1
5220058;1
5220108;1
5220157;1
5220207;1
5220264;1
5220280;1
5220405;1
5220454;1
5220504;1
5220603;1
5220686;1
5220702;0
5221007;1
5221080;1
5221197;1
5221304;1
5221403;1
5221452;1
5221502;1
5221551;1
5221577;1
5221601;1
5221700;1
5221809;1
5221858;1
5221908;1
5222005;1
5222054;1
5222203;1
5222302;0
5300108;1
1504752;0
4212650;0
4220000;0
4314548;0
5006275;0
